{"tabs":[{"id":"1529981492035","name":"Main","icon":"fa-object-ungroup","linker":"main","index":0}],"components":[{"component":"debug","state":{"text":"Enabled","color":"gray"},"x":1018,"y":254,"tab":"1529981492035","connections":{},"id":"1529984664501"},{"component":"monitormemory","state":{"text":"","color":"gray"},"x":402,"y":282,"tab":"1529981492035","connections":{},"id":"1529984676115","errors":{"error":{"count":26,"error":"Error: Command failed: free -b -t\n'free' is not recognized as an internal or external command,\r\noperable program or batch file.\r\n - Error: Command failed: free -b -t\n'free' is not recognized as an internal or external command,\r\noperable program or batch file.\r\n\n    at ChildProcess.exithandler (child_process.js:275:12)\n    at emitTwo (events.js:126:13)\n    at ChildProcess.emit (events.js:214:7)\n    at maybeClose (internal/child_process.js:925:16)\n    at Process.ChildProcess._handle.onexit (internal/child_process.js:209:5)","date":"2018-06-26T03:50:28.275Z"}}},{"component":"template","state":{"text":"","color":"gray"},"x":711,"y":267,"tab":"1529981492035","connections":{},"id":"1529984716255","options":{"template":"## Memory\n\n- Total: @{model.total.filesize()}","comreadme":"<h1 id=\"template\">Template</h1>\n<p>Template can create formatted string. It uses Total.js View engine. Data have to be JavaScript Object.</p>\n<ul>\n<li><strong>Response</strong> is always <code>String</code></li>\n</ul>\n"},"name":"","color":"#37BC9B","notes":""}],"version":500,"variables":""}